

-- Record 1
REPLACE INTO utente (Email, Nome, Cognome, Password) VALUES ('giacomo.ricci@example.com', 'Giacomo', 'Ricci', 'Pass$word1');
-- Record 2
REPLACE INTO utente (Email, Nome, Cognome, Password) VALUES ('francesca.martini@example.com', 'Francesca', 'Martini', 'T3st-P@ss2');
-- Record 3
REPLACE INTO utente (Email, Nome, Cognome, Password) VALUES ('lorenzo.conti@example.com', 'Lorenzo', 'Conti', '4-Password£');
-- Record 4
REPLACE INTO utente (Email, Nome, Cognome, Password) VALUES ('sofia.gallo@example.com', 'Sofia', 'Gallo', 'Gall0-P@ssword$');
-- Record 5
REPLACE INTO utente (Email, Nome, Cognome, Password) VALUES ('luca.ferrari@example.com', 'Luca', 'Ferrari', 'F3rrari-@P@ss');
-- Record 6
REPLACE INTO utente (Email, Nome, Cognome, Password) VALUES ('alessia.bianchi@example.com', 'Alessia', 'Bianchi', 'Bianch1$-Pass');
-- Record 7
REPLACE INTO utente (Email, Nome, Cognome, Password) VALUES ('davide.moretti@example.com', 'Davide', 'Moretti', 'Davide.Pass@7');
-- Record 8
REPLACE INTO utente (Email, Nome, Cognome, Password) VALUES ('chiara.romano@example.com', 'Chiara', 'Romano', 'R0mano£-Password8');
-- Record 9
REPLACE INTO utente (Email, Nome, Cognome, Password) VALUES ('marco.costa@example.com', 'Marco', 'Costa', 'Costa-9.T3st$');
-- Record 10
REPLACE INTO utente (Email, Nome, Cognome, Password) VALUES ('alice.rizzo@example.com', 'Alice', 'Rizzo', 'Rizz0@-Password10');
-- Record 11
REPLACE INTO utente (Email, Nome, Cognome, Password) VALUES ('matteo.santoro@example.com', 'Matteo', 'Santoro', 'S@ntoro-11.Password');
-- Record 12
REPLACE INTO utente (Email, Nome, Cognome, Password) VALUES ('giulia.caruso@example.com', 'Giulia', 'Caruso', 'C@ruso12-Pass£');
-- Record 13
REPLACE INTO utente (Email, Nome, Cognome, Password) VALUES ('andrea.galli@example.com', 'Andrea', 'Galli', 'G@lli-13.T3st$');
-- Record 14
REPLACE INTO utente (Email, Nome, Cognome, Password) VALUES ('elena.silvestri@example.com', 'Elena', 'Silvestri', 'Silv3stri@-14.Pass');
-- Record 15
REPLACE INTO utente (Email, Nome, Cognome, Password) VALUES ('simone.ricci@example.com', 'Simone', 'Ricci', 'Ricci-15.Password£');
-- Record 16
REPLACE INTO utente (Email, Nome, Cognome, Password) VALUES ('marta.villa@example.com', 'Marta', 'Villa', 'Vill@-16.Test$');
-- Record 17
REPLACE INTO utente (Email, Nome, Cognome, Password) VALUES ('marco.ferrari@example.com', 'Marco', 'Ferrari', 'F3rrari-17@Pass');
-- Record 18
REPLACE INTO utente (Email, Nome, Cognome, Password) VALUES ('camilla.pellegrini@example.com', 'Camilla', 'Pellegrini', 'Pell3grin!-18.Pass');
-- Record 19
REPLACE INTO utente (Email, Nome, Cognome, Password) VALUES ('riccardo.serra@example.com', 'Riccardo', 'Serra', 'Serr@-19.P@ssword£');
-- Record 20
REPLACE INTO utente (Email, Nome, Cognome, Password) VALUES ('giorgia.moretti@example.com', 'Giorgia', 'Moretti', 'Moretti-20.Test$');
-- Record 21
REPLACE INTO utente (Email, Nome, Cognome, Password) VALUES ('filippo.greco@example.com', 'Filippo', 'Greco', 'Gr3co-21.P@ss');
-- Record 22
REPLACE INTO utente (Email, Nome, Cognome, Password) VALUES ('sara.bianchi@example.com', 'Sara', 'Bianchi', 'Bianchi-22.P@ssword');
-- Record 23
REPLACE INTO utente (Email, Nome, Cognome, Password) VALUES ('michele.rossi@example.com', 'Michele', 'Rossi', 'R0ss!-23.P@ss');
-- Record 24
REPLACE INTO utente (Email, Nome, Cognome, Password) VALUES ('laura.verdi@example.com', 'Laura', 'Verdi', 'V3rdi@-24.Pass');
-- Record 25
REPLACE INTO utente (Email, Nome, Cognome, Password) VALUES ('andrea.bianchi@example.com', 'Andrea', 'Bianchi', 'Bi@nch1-25.Password');
-- Record 26
REPLACE INTO utente (Email, Nome, Cognome, Password) VALUES ('federico.russo@example.com', 'Federico', 'Russo', 'R@ss0-26.P@ssword');
-- Record 27
REPLACE INTO utente (Email, Nome, Cognome, Password) VALUES ('valentina.ferrari@example.com', 'Valentina', 'Ferrari', 'F3rr@r1-27.Test$');
-- Record 28
REPLACE INTO utente (Email, Nome, Cognome, Password) VALUES ('maria.gentile@example.com', 'Maria', 'Gentile', 'G3nt!l3-28.P@ss');
-- Record 29
REPLACE INTO utente (Email, Nome, Cognome, Password) VALUES ('andrea.monti@example.com', 'Andrea', 'Monti', 'Mont!-29.Pass');
-- Record 30
REPLACE INTO utente (Email, Nome, Cognome, Password) VALUES ('ludovica.colombo@example.com', 'Ludovica', 'Colombo', 'C0l0mb0-30.Password£');
-- Record 31
REPLACE INTO utente (Email, Nome, Cognome, Password) VALUES ('paolo.ferrari@example.com', 'Paolo', 'Ferrari', 'F3rr@r1-31.Test$');
-- Record 32
REPLACE INTO utente (Email, Nome, Cognome, Password) VALUES ('elisa.marchetti@example.com', 'Elisa', 'Marchetti', 'M@rch3tt1-32.P@ss');
-- Record 33
REPLACE INTO utente (Email, Nome, Cognome, Password) VALUES ('luigi.rossi@example.com', 'Luigi', 'Rossi', 'R0ss!-33.P@ss');
-- Record 34
REPLACE INTO utente (Email, Nome, Cognome, Password) VALUES ('serena.ricci@example.com', 'Serena', 'Ricci', 'R!cc!-34.Pass');
-- Record 35
REPLACE INTO utente (Email, Nome, Cognome, Password) VALUES ('andrea.ferrari@example.com', 'Andrea', 'Ferrari', 'F3rr@r1-35.Test$');
-- Record 36
REPLACE INTO utente (Email, Nome, Cognome, Password) VALUES ('paola.rossi@example.com', 'Paola', 'Rossi', 'R0ss!-36.P@ss');
-- Record 37
REPLACE INTO utente (Email, Nome, Cognome, Password) VALUES ('luca.bianchi@example.com', 'Luca', 'Bianchi', 'B!@nch1-37.P@ss');
-- Record 38
REPLACE INTO utente (Email, Nome, Cognome, Password) VALUES ('sara.monti@example.com', 'Sara', 'Monti', 'M0nt!-38.Pass');
-- Record 39
REPLACE INTO utente (Email, Nome, Cognome, Password) VALUES ('andrea.ferrari@example.com', 'Andrea', 'Ferrari', 'F3rr@r1-39.Test$');
-- Record 40
REPLACE INTO utente (Email, Nome, Cognome, Password) VALUES ('paola.rossi@example.com', 'Paola', 'Rossi', 'R0ss!-40.P@ss');



REPLACE INTO pianodiabbonamento(Pacchetto, Tariffa, MaxOre, MaxGigabyte)
VALUES
	('Basic', 10, 30, 50),
	('Premium', 15, 50, 100),
    ('Pro', 20, 100, 150),
    ('Deluxe', 30, 720, 250),
    ('Ultimate', 40, 720, 1000);
    




-- Inserimento di 40 record realistici nella tabella "fatturazione" con REPLACE INTO

-- Record 1
REPLACE INTO fatturazione (Utente, `Data`, Scadenza, CartaDiCredito, PianoDiAbbonamento)
VALUES ('giacomo.ricci@example.com', '2023-01-01', DATE_ADD(`Data`, INTERVAL 31 DAY), '123467812345678', 'Basic');
-- Record 2
REPLACE INTO fatturazione (Utente, `Data`, Scadenza, CartaDiCredito, PianoDiAbbonamento)
VALUES ('francesca.martini@example.com', '2023-02-01', DATE_ADD(`Data`, INTERVAL 31 DAY), '2345678923456789', 'Premium');
-- Record 3
REPLACE INTO fatturazione (Utente, `Data`, Scadenza, CartaDiCredito, PianoDiAbbonamento)
VALUES ('lorenzo.conti@example.com', '2023-03-01', DATE_ADD(`Data`, INTERVAL 31 DAY), '3456789034567890', 'Pro');
-- Record 4
REPLACE INTO fatturazione (Utente, `Data`, Scadenza, CartaDiCredito, PianoDiAbbonamento)
VALUES ('sofia.gallo@example.com', '2023-04-01', DATE_ADD(`Data`, INTERVAL 31 DAY), '4567890145678901', 'Ultimate');
-- Record 5
REPLACE INTO fatturazione (Utente, `Data`, Scadenza, CartaDiCredito, PianoDiAbbonamento)
VALUES ('luca.ferrari@example.com', '2023-05-01', DATE_ADD(`Data`, INTERVAL 31 DAY), '5678902567890256', 'Deluxe');
-- Record 6
REPLACE INTO fatturazione (Utente, `Data`, Scadenza, CartaDiCredito, PianoDiAbbonamento)
VALUES ('alessia.bianchi@example.com', '2023-06-01', DATE_ADD(`Data`, INTERVAL 31 DAY), '1234567812345678', 'Basic');
-- Record 7
REPLACE INTO fatturazione (Utente, `Data`, Scadenza, CartaDiCredito, PianoDiAbbonamento)
VALUES ('davide.moretti@example.com', '2023-07-01', DATE_ADD(`Data`, INTERVAL 31 DAY), '2345678923456789', 'Premium');
-- Record 8
REPLACE INTO fatturazione (Utente, `Data`, Scadenza, CartaDiCredito, PianoDiAbbonamento)
VALUES ('chiara.romano@example.com', '2023-08-01', DATE_ADD(`Data`, INTERVAL 31 DAY), '3456789034567890', 'Pro');
-- Record 9
REPLACE INTO fatturazione (Utente, `Data`, Scadenza, CartaDiCredito, PianoDiAbbonamento)
VALUES ('marco.costa@example.com', '2023-09-01', DATE_ADD(`Data`, INTERVAL 31 DAY), '4567890145678901', 'Ultimate');
-- Record 10
REPLACE INTO fatturazione (Utente, `Data`, Scadenza, CartaDiCredito, PianoDiAbbonamento)
VALUES ('alice.rizzo@example.com', '2023-10-01', DATE_ADD(`Data`, INTERVAL 31 DAY), '5678902567890256', 'Deluxe');
-- Record 11
REPLACE INTO fatturazione (Utente, `Data`, Scadenza, CartaDiCredito, PianoDiAbbonamento)
VALUES ('matteo.santoro@example.com', '2023-11-01', DATE_ADD(`Data`, INTERVAL 31 DAY), '1234567812345678', 'Basic');
-- Record 12
REPLACE INTO fatturazione (Utente, `Data`, Scadenza, CartaDiCredito, PianoDiAbbonamento)
VALUES ('giulia.caruso@example.com', '2023-10-01', DATE_ADD(`Data`, INTERVAL 31 DAY), '2345678923456789', 'Premium');
-- Record 13
REPLACE INTO fatturazione (Utente, `Data`, Scadenza, CartaDiCredito, PianoDiAbbonamento)
VALUES ('andrea.galli@example.com', '2023-01-01', DATE_ADD(`Data`, INTERVAL 31 DAY), '3456789034567890', 'Pro');
-- Record 14
REPLACE INTO fatturazione (Utente, `Data`, Scadenza, CartaDiCredito, PianoDiAbbonamento)
VALUES ('elena.silvestri@example.com', '2023-02-01', DATE_ADD(`Data`, INTERVAL 31 DAY), '4567890145678901', 'Ultimate');
-- Record 15
REPLACE INTO fatturazione (Utente, `Data`, Scadenza, CartaDiCredito, PianoDiAbbonamento)
VALUES ('simone.ricci@example.com', '2023-03-01', DATE_ADD(`Data`, INTERVAL 31 DAY), '5678902567890256', 'Deluxe');
-- Record 16
REPLACE INTO fatturazione (Utente, `Data`, Scadenza, CartaDiCredito, PianoDiAbbonamento)
VALUES ('marta.villa@example.com', '2023-04-01', DATE_ADD(`Data`, INTERVAL 31 DAY), '1234567812345678', 'Basic');
-- Record 17
REPLACE INTO fatturazione (Utente, `Data`, Scadenza, CartaDiCredito, PianoDiAbbonamento)
VALUES ('marco.ferrari@example.com', '2023-05-01', DATE_ADD(`Data`, INTERVAL 31 DAY), '2345678923456789', 'Premium');
-- Record 18
REPLACE INTO fatturazione (Utente, `Data`, Scadenza, CartaDiCredito, PianoDiAbbonamento)
VALUES ('camilla.pellegrini@example.com', '2023-06-01', DATE_ADD(`Data`, INTERVAL 31 DAY), '3456789034567890', 'Pro');
-- Record 19
REPLACE INTO fatturazione (Utente, `Data`, Scadenza, CartaDiCredito, PianoDiAbbonamento)
VALUES ('riccardo.serra@example.com', '2023-07-01', DATE_ADD(`Data`, INTERVAL 31 DAY), '4567890145678901', 'Ultimate');
-- Record 20
REPLACE INTO fatturazione (Utente, `Data`, Scadenza, CartaDiCredito, PianoDiAbbonamento)
VALUES ('giorgia.moretti@example.com', '2023-08-01', DATE_ADD(`Data`, INTERVAL 31 DAY), '5678902567890256', 'Deluxe');
-- Record 21
REPLACE INTO fatturazione (Utente, `Data`, Scadenza, CartaDiCredito, PianoDiAbbonamento)
VALUES ('filippo.greco@example.com', '2023-09-01', DATE_ADD(`Data`, INTERVAL 31 DAY), '1234567812345678', 'Basic');
-- Record 22
REPLACE INTO fatturazione (Utente, `Data`, Scadenza, CartaDiCredito, PianoDiAbbonamento)
VALUES ('sara.bianchi@example.com', '2023-10-01', DATE_ADD(`Data`, INTERVAL 31 DAY), '2345678923456789', 'Premium');
-- Record 23
REPLACE INTO fatturazione (Utente, `Data`, Scadenza, CartaDiCredito, PianoDiAbbonamento)
VALUES ('michele.rossi@example.com', '2023-11-01', DATE_ADD(`Data`, INTERVAL 31 DAY), '3456789034567890', 'Pro');
-- Record 24
REPLACE INTO fatturazione (Utente, `Data`, Scadenza, CartaDiCredito, PianoDiAbbonamento)
VALUES ('laura.verdi@example.com', '2023-10-01', DATE_ADD(`Data`, INTERVAL 31 DAY), '4567890145678901', 'Ultimate');
-- Record 25
REPLACE INTO fatturazione (Utente, `Data`, Scadenza, CartaDiCredito, PianoDiAbbonamento)
VALUES ('andrea.bianchi@example.com', '2023-01-01', DATE_ADD(`Data`, INTERVAL 31 DAY), '5678902567890256', 'Deluxe');
-- Record 26
REPLACE INTO fatturazione (Utente, `Data`, Scadenza, CartaDiCredito, PianoDiAbbonamento)
VALUES ('federico.russo@example.com', '2023-02-01', DATE_ADD(`Data`, INTERVAL 31 DAY), '1234567812345678', 'Basic');
-- Record 27
REPLACE INTO fatturazione (Utente, `Data`, Scadenza, CartaDiCredito, PianoDiAbbonamento)
VALUES ('valentina.ferrari@example.com', '2023-03-01', DATE_ADD(`Data`, INTERVAL 31 DAY), '2345678923456789', 'Premium');
-- Record 28
REPLACE INTO fatturazione (Utente, `Data`, Scadenza, CartaDiCredito, PianoDiAbbonamento)
VALUES ('maria.gentile@example.com', '2023-04-01', DATE_ADD(`Data`, INTERVAL 31 DAY), '3456789034567890', 'Pro');
-- Record 29
REPLACE INTO fatturazione (Utente, `Data`, Scadenza, CartaDiCredito, PianoDiAbbonamento)
VALUES ('andrea.monti@example.com', '2023-05-01', DATE_ADD(`Data`, INTERVAL 31 DAY), '4567890145678901', 'Ultimate');
-- Record 30
REPLACE INTO fatturazione (Utente, `Data`, Scadenza, CartaDiCredito, PianoDiAbbonamento)
VALUES ('ludovica.colombo@example.com', '2023-06-01', DATE_ADD(`Data`, INTERVAL 31 DAY), '5678902567890256', 'Deluxe');
-- Record 31
REPLACE INTO fatturazione (Utente, `Data`, Scadenza, CartaDiCredito, PianoDiAbbonamento)
VALUES ('paolo.ferrari@example.com', '2023-07-01', DATE_ADD(`Data`, INTERVAL 31 DAY), '1234567812345678', 'Basic');
-- Record 32
REPLACE INTO fatturazione (Utente, `Data`, Scadenza, CartaDiCredito, PianoDiAbbonamento)
VALUES ('elisa.marchetti@example.com', '2023-08-01', DATE_ADD(`Data`, INTERVAL 31 DAY), '2345678923456789', 'Premium');
-- Record 33
REPLACE INTO fatturazione (Utente, `Data`, Scadenza, CartaDiCredito, PianoDiAbbonamento)
VALUES ('luigi.rossi@example.com', '2023-09-01', DATE_ADD(`Data`, INTERVAL 31 DAY), '3456789034567890', 'Pro');
-- Record 34
REPLACE INTO fatturazione (Utente, `Data`, Scadenza, CartaDiCredito, PianoDiAbbonamento)
VALUES ('serena.ricci@example.com', '2023-10-01', DATE_ADD(`Data`, INTERVAL 31 DAY), '4567890145678901', 'Ultimate');
-- Record 35
REPLACE INTO fatturazione (Utente, `Data`, Scadenza, CartaDiCredito, PianoDiAbbonamento)
VALUES ('andrea.ferrari@example.com', '2023-11-01', DATE_ADD(`Data`, INTERVAL 31 DAY), '5678902567890256', 'Deluxe');
-- Record 36
REPLACE INTO fatturazione (Utente, `Data`, Scadenza, CartaDiCredito, PianoDiAbbonamento)
VALUES ('paola.rossi@example.com', '2023-10-01', DATE_ADD(`Data`, INTERVAL 31 DAY), '1234567812345678', 'Basic');
-- Record 37
REPLACE INTO fatturazione (Utente, `Data`, Scadenza, CartaDiCredito, PianoDiAbbonamento)
VALUES ('luca.bianchi@example.com', '2023-01-01', DATE_ADD(`Data`, INTERVAL 31 DAY), '2345678923456789', 'Premium');
-- Record 38
REPLACE INTO fatturazione (Utente, `Data`, Scadenza, CartaDiCredito, PianoDiAbbonamento)
VALUES ('sara.monti@example.com', '2023-02-01', DATE_ADD(`Data`, INTERVAL 31 DAY), '3456789034567890', 'Pro');
-- Record 39
REPLACE INTO fatturazione (Utente, `Data`, Scadenza, CartaDiCredito, PianoDiAbbonamento)
VALUES ('andrea.ferrari@example.com', '2023-03-01', DATE_ADD(`Data`, INTERVAL 31 DAY), '4567890145678901', 'Ultimate');
-- Record 40
REPLACE INTO fatturazione (Utente, `Data`, Scadenza, CartaDiCredito, PianoDiAbbonamento)
VALUES ('paola.rossi@example.com', '2023-04-01', DATE_ADD(`Data`, INTERVAL 31 DAY), '5678902567890256', 'Deluxe');









REPLACE INTO caratterizzazione(Descrizione)
VALUES
	('Abbonamento ideale per chi adora passare le ore a guardare film!'),
	('Abbonamento completo: offre tutti i film, senza limitazioni, con possibilita\' di modalita\' offline!'),
    ('Il rapporto qualita\' prezzo e\' uno dei punti forti di questo abbonamento'),
    ('Offre tutto quello che un bambino possa desiderare!'),
    ('I suoi gigabyte altissimi rendono possibile guardare quanti film si voglia col massimo della risoluzione consentita!'),
    ('Abbonamento ottimo per chi desidera non passare troppo tempo davanti allo schermo!'),
    ('Abbonamento perfetto per chi ama stare davanti allo schermo e non desidera una risoluzione elevata');



REPLACE INTO caratteristica(PianoDiAbbonamento, Caratterizzazione)
VALUES
	('Basic', 'Abbonamento ottimo per chi desidera non passare troppo tempo davanti allo schermo!'),
    ('Pro', 'Offre tutto quello che un bambino possa desiderare!'),
    ('Deluxe', 'Abbonamento completo: offre tutti i film, senza limitazioni, con possibilita\' di modalita\' offline!'),
    ('Deluxe', 'Abbonamento perfetto per chi ama stare davanti allo schermo e non desidera una risoluzione elevata'),
    ('Premium', 'Il rapporto qualita\' prezzo e\' uno dei punti forti di questo abbonamento'),
    ('Pro', 'Abbonamento ideale per chi adora passare le ore a guardare film!'),
    ('Ultimate', 'Abbonamento completo: offre tutti i film, senza limitazioni, con possibilita\' di modalita\' offline!'),
    ('Ultimate', 'I suoi gigabyte altissimi rendono possibile guardare quanti film si voglia col massimo della risoluzione consentita!');


REPLACE INTO eta
VALUES
    (12),
    (16),
    (18);
    
REPLACE INTO limite(Eta, PianoDiAbbonamento)
VALUES
	(12, 'Basic'), -- Indica che l'abbonamento deve essere utilizzato da persone con 12 anni o piu'. Poi scrivere nella documentazione.
    (16, 'Pro'),
    (18, 'Deluxe'),
    (18, 'Premium'),
    (18, 'Ultimate');



REPLACE INTO dispositivo(Nome)
VALUES
	('Laptop Acer'),
	('Smartphone Samsung Galaxy'),
	('Tablet Apple iPad'),
	('Laptop HP Spectre'),
	('Smartphone Google Pixel'),
	('Tablet Microsoft Surface'),
	('Laptop Dell XPS'),
	('iPhone 5'),
	('Smartphone iPhone 13'),
	('Laptop Lenovo ThinkPad'),
	('Smartphone OnePlus Nord'),
	('Tablet Samsung Galaxy Tab'),
	('Laptop Asus ZenBook'),
	('Smartphone Huawei P30'),
	('Tablet Amazon Fire'),
    ('Smartphone Xiaomi Mi');






INSERT INTO formato (Codice, LunghezzaRapporto, AltezzaRapporto, LarghezzaRisoluzione, AltezzaRisoluzione, Codec, Bitrate, QualitaAudio, QualitaVideo, DataRilascio)
VALUES
('FMT001', 16, 9, 1920, 1080, 'H.264', 8500, 45, 48, '2022-08-05'),
('FMT002', 4, 3, 1280, 720, 'H.265', 6000, 42, 45, '2022-06-20'),
('FMT003', 16, 9, 3840, 2160, 'VP9', 12000, 48, 49, '2022-09-15'),
('FMT004', 21, 9, 2560, 1080, 'H.264', 7200, 43, 46, '2022-08-10'),
('FMT005', 16, 9, 4096, 2160, 'H.265', 15000, 49, 50, '2022-10-25'),
('FMT006', 16, 9, 1920, 1080, 'H.264', 7000, 44, 47, '2022-08-28'),
('FMT007', 16, 9, 1280, 720, 'VP9', 5000, 40, 43, '2022-07-10'),
('FMT008', 4, 3, 1024, 768, 'H.264', 3000, 35, 38, '2022-06-18'),
('FMT009', 16, 9, 3840, 2160, 'H.265', 11000, 47, 49, '2022-09-30'),
('FMT010', 16, 9, 2560, 1440, 'VP9', 8700, 46, 48, '2022-08-20'),
('FMT011', 16, 9, 2560, 1440, 'H.265', 9200, 46, 48, '2022-09-05'),
('FMT012', 4, 3, 800, 600, 'H.264', 2500, 30, 33, '2022-07-25'),
('FMT013', 16, 9, 5120, 2880, 'VP9', 18000, 50, 52, '2022-11-15'),
('FMT014', 16, 9, 1280, 720, 'H.265', 4000, 38, 40, '2022-07-20'),
('FMT015', 4, 3, 1600, 1200, 'VP9', 4500, 40, 42, '2022-08-08'),
('FMT016', 16, 9, 7680, 4320, 'H.264', 22000, 52, 55, '2022-12-05'),
('FMT017', 21, 9, 3840, 1600, 'H.265', 8000, 42, 45, '2022-08-30'),
('FMT018', 16, 9, 1024, 576, 'VP9', 3500, 36, 38, '2022-07-12'),
('FMT019', 16, 9, 1920, 1080, 'H.264', 6000, 40, 43, '2022-09-18'),
('FMT020', 4, 3, 640, 480, 'H.265', 2000, 28, 30, '2022-07-05');

INSERT INTO areageografica (Codice, IPIniziale, IPFinale)
VALUES
('SUD1', 0, 9255255255),
('EUR1', 10000000000, 19255255255),
('EUR2', 20000000000, 29255255255),
('USA1', 30000000000, 39255255255),
('USA2', 40000000000, 49255255255),
('USA3', 50000000000, 59255255255),
('USA4', 60000000000, 69255255255),
('USA5', 70000000000, 79255255255),
('USA6', 80000000000, 89255255255),
('USA7', 90000000000, 99255255255),
('ASI1', 100000000000, 109255255255),
('ASI2', 110000000000, 119255255255),
('ASI3', 120000000000, 129255255255),
('OCE1', 130000000000, 139255255255),
('OCE2', 140000000000, 149255255255),
('OCE3', 150000000000, 159255255255),
('OCE4', 160000000000, 169255255255),
('AFR1', 170000000000, 179255255255),
('AFR2', 180000000000, 189255255255),
('SUD2', 190000000000, 255255255255);


INSERT INTO `server` (Identificatore, Capacità, Banda, AreaGeografica)
VALUES
('IDA1', 1024, ROUND((RAND() * (0.9 - 0.2) + 0.2), 2), 'SUD1'),
('IDA2', 2048, ROUND((RAND() * (0.9 - 0.2) + 0.2), 2), 'SUD2'),
('IDA3', 4096, ROUND((RAND() * (0.9 - 0.2) + 0.2), 2), 'EUR1'),
('IDA4', 8192, ROUND((RAND() * (0.9 - 0.2) + 0.2), 2), 'EUR2'),
('IDA5', 16384, ROUND((RAND() * (0.9 - 0.2) + 0.2), 2), 'USA1'),
('IDA6', 32768, ROUND((RAND() * (0.9 - 0.2) + 0.2), 2), 'USA2'),
('IDA7', 65536, ROUND((RAND() * (0.9 - 0.2) + 0.2), 2), 'USA3'),
('IDA8', 131072, ROUND((RAND() * (0.9 - 0.2) + 0.2), 2), 'USA4'),
('IDA9', 262144, ROUND((RAND() * (0.9 - 0.2) + 0.2), 2), 'USA5'),
('IDA0', 524288, ROUND((RAND() * (0.9 - 0.2) + 0.2), 2), 'USA6'),
('IDB1', 1048576, ROUND((RAND() * (0.9 - 0.2) + 0.2), 2), 'USA7'),
('IDB2', 2097152, ROUND((RAND() * (0.9 - 0.2) + 0.2), 2), 'ASI1'),
('IDB3', 4194304, ROUND((RAND() * (0.9 - 0.2) + 0.2), 2), 'ASI2'),
('IDB4', 8388608, ROUND((RAND() * (0.9 - 0.2) + 0.2), 2), 'ASI3'),
('IDB5', 16777216, ROUND((RAND() * (0.9 - 0.2) + 0.2), 2), 'OCE1'),
('IDB6', 33554432, ROUND((RAND() * (0.9 - 0.2) + 0.2), 2), 'OCE2'),
('IDB7', 67108864, ROUND((RAND() * (0.9 - 0.2) + 0.2), 2), 'OCE3'),
('IDB8', 134217728, ROUND((RAND() * (0.9 - 0.2) + 0.2), 2), 'OCE4'),
('IDB9', 268435456, ROUND((RAND() * (0.9 - 0.2) + 0.2), 2), 'AFR1'),
('IDB0', 536870912, ROUND((RAND() * (0.9 - 0.2) + 0.2), 2), 'AFR2'),
('IDC1', 1024, ROUND((RAND() * (0.9 - 0.2) + 0.2), 2), 'SUD1'),
('IDC2', 2048, ROUND((RAND() * (0.9 - 0.2) + 0.2), 2), 'SUD2'),
('IDC3', 4096, ROUND((RAND() * (0.9 - 0.2) + 0.2), 2), 'EUR1'),
('IDC4', 8192, ROUND((RAND() * (0.9 - 0.2) + 0.2), 2), 'EUR2'),
('IDC5', 16384, ROUND((RAND() * (0.9 - 0.2) + 0.2), 2), 'USA1'),
('IDC6', 32768, ROUND((RAND() * (0.9 - 0.2) + 0.2), 2), 'USA2'),
('IDC7', 65536, ROUND((RAND() * (0.9 - 0.2) + 0.2), 2), 'USA3'),
('IDC8', 131072, ROUND((RAND() * (0.9 - 0.2) + 0.2), 2), 'USA4'),
('IDC9', 262144, ROUND((RAND() * (0.9 - 0.2) + 0.2), 2), 'USA5'),
('IDC0', 524288, ROUND((RAND() * (0.9 - 0.2) + 0.2), 2), 'USA6'),
('IDD1', 1048576, ROUND((RAND() * (0.9 - 0.2) + 0.2), 2), 'USA7'),
('IDD2', 2097152, ROUND((RAND() * (0.9 - 0.2) + 0.2), 2), 'ASI1'),
('IDD3', 4194304, ROUND((RAND() * (0.9 - 0.2) + 0.2), 2), 'ASI2'),
('IDD4', 8388608, ROUND((RAND() * (0.9 - 0.2) + 0.2), 2), 'ASI3'),
('IDD5', 16777216, ROUND((RAND() * (0.9 - 0.2) + 0.2), 2), 'OCE1'),
('IDD6', 33554432, ROUND((RAND() * (0.9 - 0.2) + 0.2), 2), 'OCE2'),
('IDD7', 67108864, ROUND((RAND() * (0.9 - 0.2) + 0.2), 2), 'OCE3'),
('IDD8', 134217728, ROUND((RAND() * (0.9 - 0.2) + 0.2), 2), 'OCE4'),
('IDD9', 268435456, ROUND((RAND() * (0.9 - 0.2) + 0.2), 2), 'AFR1'),
('IDD0', 536870912, ROUND((RAND() * (0.9 - 0.2) + 0.2), 2), 'AFR2');



INSERT INTO film (Durata, Genere, AnnoDiProduzione, Titolo, Rating, Descrizione, PaeseDiProduzione, Visualizzazioni) 
VALUES
(120, 'Azione', 2020, 'Il Codice del Destino', 5, 'Un avventura emozionante di azione e mistero', 'Italia', 10000),
(105, 'Commedia', 2018, 'L amore è un Ridere', 4, 'Una commedia romantica che scuote le risate', 'USA', 8500),
(110, 'Fantascienza', 2022, 'Odissea Spaziale', 4, 'Un viaggio epico nello spazio alla ricerca di un nuovo mondo', 'Regno Unito', 9200),
(95, 'Drammatico', 2019, 'Frammenti di Felicità', 3, 'Una storia toccante di speranza e resilienza', 'Francia', 7500),
(130, 'Horror', 2021, 'L Oscurità Svelata', 4, 'Un thriller horror che mette i brividi', 'Germania', 8800),
(115, 'Animazione', 2017, 'Il Mistero dell Isola', 5, 'Un avventura animata per tutta la famiglia', 'Giappone', 9200),
(100, 'Thriller', 2016, 'L Inganno Perfetto', 4, 'Un thriller psicologico che tiene il pubblico sul filo', 'Corea del Sud', 8900),
(125, 'Fantasy', 2020, 'Il Segreto delle Rune', 5, 'Un viaggio magico attraverso mondi fantastici', 'Spagna', 9200),
(105, 'Commedia', 2023, 'Ridere Per Vivere', 4, 'Un nuovo film comico che scatenerà ilarità', 'USA', 7700),
(95, 'Romantico', 2022, 'Sotto il Cielo di Parigi', 4, 'Una storia romantica ambientata nella città dell amore', 'Francia', 9200),
(110, 'Azione', 2021, 'Vendetta Implacabile', 3, 'Un azione senza sosta guidata dalla vendetta', 'USA', 8000),
(125, 'Fantasy', 2019, 'L Ultimo Drago', 5, 'Una epica avventura fantastica con draghi e magia', 'Regno Unito', 8700),
(100, 'Commedia', 2018, 'Il Matrimonio Imprevisto', 4, 'Una commedia divertente sui matrimoni inaspettati', 'Italia', 9400),
(135, 'Drammatico', 2020, 'L Ultimo Viaggio', 4, 'Un dramma commovente sulla ricerca del significato', 'Germania', 9100),
(120, 'Horror', 2017, 'La Casa Abbandonata', 3, 'Un horror che mette alla prova il coraggio', 'Spagna', 8900),
(105, 'Azione', 2023, 'Rinascita Mortale', 4, 'Un intensa storia d azione e sopravvivenza', 'USA', 9200),
(115, 'Fantascienza', 2021, 'Rivoluzione Tecnologica', 4, 'Un avventura futuristica in un mondo tecnologicamente avanzato', 'Giappone', 8800),
(95, 'Commedia', 2023, 'Situazioni Imbarazzanti', 3, 'Una serie di situazioni comiche imbarazzanti', 'USA', 9200),
(130, 'Azione', 2020, 'Codice Rosso', 5, 'Un azione adrenalinica e ad alto rischio', 'Regno Unito', 9100),
(110, 'Drammatico', 2019, 'Oltre i Confini', 4, 'Un viaggio emotivo attraverso le sfide personali', 'Francia', 8700),
(125, 'Horror', 2018, 'La Maledizione del Bosco', 4, 'Un horror nel cuore di un bosco maledetto', 'Germania', 9000),
(105, 'Animazione', 2017, 'I Segreti dell Universo', 5, 'Un animazione che svela i misteri dell universo', 'Canada', 9200),
(120, 'Thriller', 2022, 'Codice Segreto', 4, 'Un thriller pieno di colpi di scena e suspense', 'USA', 8900),
(135, 'Fantasy', 2016, 'Il Regno Perduto', 4, 'Un epica ricerca nel regno magico perduto', 'Spagna', 9300),
(110, 'Azione', 2023, 'La Caccia allo Zaffiro', 4, 'Un avventura ricca di azione e mistero in cerca di un prezioso zaffiro', 'Italia', 8800),
(120, 'Drammatico', 2023, 'L Ultimo Treno per Chicago', 5, 'Una toccante storia di redenzione ambientata sulla rotta di un treno', 'USA', 9200),
(95, 'Commedia', 2023, 'Il Bar dello Schianto', 3, 'Una commedia esilarante che si svolge all interno di un bar fuori dagli schemi', 'Francia', 7500),
(105, 'Fantascienza', 2023, 'L Esploratore del Tempo', 4, 'Un viaggio avvincente attraverso il tempo e lo spazio alla scoperta di nuovi mondi', 'Regno Unito', 8900),
(115, 'Horror', 2023, 'La Casa dei Sussurri', 4, 'Un thriller horror in una casa misteriosa piena di sussurri inquietanti', 'Germania', 9100),
(125, 'Thriller', 2022, 'Il Codice Scomparso', 4, 'Un thriller ad alta tensione che ruota attorno a un codice scomparso', 'Giappone', 8700),
(100, 'Azione', 2023, 'La Ricerca del Tesoro Perduto', 3, 'Un avventura mozzafiato alla ricerca di un tesoro perduto', 'Spagna', 9400),
(130, 'Commedia', 2023, 'Un Matrimonio di Scambio', 4, 'Una commedia divertente su un matrimonio scambiato per sbaglio', 'Brasile', 8600),
(110, 'Fantasy', 2023, 'Il Mondo Incantato di Eldoria', 5, 'Un viaggio magico in un mondo incantato pieno di creature magiche', 'Australia', 9200),
(120, 'Drammatico', 2023, 'Il Filo Rosso del Destino', 4, 'Un dramma romantico sul legame inscindibile tra due anime gemelle', 'Corea del Sud', 9000);




INSERT INTO connessionepassata (Inizio, Fine, Utente, Film, Formato, Dispositivo, `Server`, indirizzoIP)
VALUES
('2023-10-01 08:15:00', '2023-10-01 10:05:00', 'giacomo.ricci@example.com', 1, 'FMT001', 'Laptop Acer', 'IDA1', 255255255255), -- 255.255.255.255
('2023-10-02 14:30:00', '2023-10-02 16:25:00', 'francesca.martini@example.com', 2, 'FMT002', 'Smartphone Samsung Galaxy', 'IDA2', 192168112233), -- 192.168.1.122
('2023-10-03 18:45:00', '2023-10-03 20:20:00', 'lorenzo.conti@example.com', 3, 'FMT003', 'Tablet Apple iPad', 'IDA3', 172168112233), -- 172.16.81.122
('2023-10-04 20:00:00', '2023-10-04 21:55:00', 'sofia.gallo@example.com', 4, 'FMT004', 'Laptop HP Spectre', 'IDA4', 102168112233), -- 10.216.81.122
('2023-10-05 10:10:00', '2023-10-05 12:00:00', 'luca.ferrari@example.com', 5, 'FMT005', 'Smartphone Google Pixel', 'IDA5', 172162122255), -- 172.16.212.255
('2023-10-06 14:15:00', '2023-10-06 16:10:00', 'alessia.bianchi@example.com', 6, 'FMT006', 'Tablet Microsoft Surface', 'IDA6', 192162122255), -- 192.16.212.255
('2023-10-07 16:30:00', '2023-10-07 18:25:00', 'davide.moretti@example.com', 7, 'FMT007', 'Laptop Dell XPS', 'IDA7', 172169112233), -- 172.169.1.122
('2023-10-08 09:20:00', '2023-10-08 11:15:00', 'chiara.romano@example.com', 8, 'FMT008', 'iPhone 5', 'IDA8', 102162112233), -- 10.216.211.122
('2023-10-09 11:40:00', '2023-10-09 13:35:00', 'marco.costa@example.com', 9, 'FMT009', 'Smartphone iPhone 13', 'IDA9', 192161122255), -- 192.161.122.255
('2023-10-10 19:15:00', '2023-10-10 21:05:00', 'alice.rizzo@example.com', 10, 'FMT010', 'Laptop Lenovo ThinkPad', 'IDA0', 172168222255), -- 172.168.222.255
('2023-10-11 15:25:00', '2023-10-11 17:20:00', 'matteo.santoro@example.com', 11, 'FMT011', 'Smartphone OnePlus Nord', 'IDA1', 192168222255), -- 192.168.222.255
('2023-10-12 12:10:00', '2023-10-12 14:05:00', 'giulia.caruso@example.com', 12, 'FMT012', 'Tablet Samsung Galaxy Tab', 'IDA2', 102168222255), -- 10.216.822.255
('2023-10-13 08:40:00', '2023-10-13 10:35:00', 'andrea.galli@example.com', 13, 'FMT013', 'Laptop Asus ZenBook', 'IDA3', 172161222255), -- 172.161.222.255
('2023-10-14 17:55:00', '2023-10-14 19:50:00', 'elena.silvestri@example.com', 14, 'FMT014', 'Smartphone Huawei P30', 'IDA4', 192168122233), -- 192.168.122.233
('2023-10-15 14:10:00', '2023-10-15 16:05:00', 'simone.ricci@example.com', 15, 'FMT015', 'Tablet Amazon Fire', 'IDA5', 102162122233), -- 10.216.212.233
('2023-10-16 20:30:00', '2023-10-16 22:25:00', 'marta.villa@example.com', 16, 'FMT016', 'Laptop Acer', 'IDA6', 172162122233), -- 172.16.212.233
('2023-10-17 11:20:00', '2023-10-17 13:15:00', 'marco.ferrari@example.com', 17, 'FMT017', 'Smartphone Samsung Galaxy', 'IDA7', 102168122233), -- 10.216.812.233
('2023-10-18 17:45:00', '2023-10-18 19:40:00', 'camilla.pellegrini@example.com', 18, 'FMT018', 'Tablet Apple iPad', 'IDA8', 192168112244); -- 192.168.1.124







INSERT INTO connessionepassata (Inizio, Fine, Utente, Film, Formato, Dispositivo, `Server`, indirizzoIP)
VALUES ('2023-11-01 18:30:00', '2023-11-01 20:30:00', 'giacomo.ricci@example.com', 1, 'FMT001', 'Laptop Acer', 'IDA1', 192168112233),
-- Record 2
('2023-11-02 20:00:00', '2023-11-02 22:15:00', 'francesca.martini@example.com', 2, 'FMT002', 'Smartphone Samsung Galaxy', 'IDA2', 172162122233),
-- Record 3
('2023-11-03 15:45:00', '2023-11-03 17:30:00', 'lorenzo.conti@example.com', 3, 'FMT003', 'Tablet Apple iPad', 'IDA3', 203140112233),
-- Record 4
('2023-11-04 12:15:00', '2023-11-04 14:30:00', 'sofia.gallo@example.com', 4, 'FMT004', 'Laptop HP Spectre', 'IDA4', 211180122233),
-- Record 5
('2023-11-05 19:30:00', '2023-11-05 21:15:00', 'luca.ferrari@example.com', 5, 'FMT005', 'Smartphone Google Pixel', 'IDA5', 192168112244),
-- Record 6
('2023-11-06 14:45:00', '2023-11-06 16:30:00', 'alessia.bianchi@example.com', 6, 'FMT006', 'Tablet Microsoft Surface', 'IDA6', 203140112244),
-- Record 7
('2023-11-07 10:30:00', '2023-11-07 12:45:00', 'davide.moretti@example.com', 7, 'FMT007', 'Laptop Dell XPS', 'IDA7', 211180122244),
-- Record 8
('2023-11-08 17:00:00', '2023-11-08 19:15:00', 'chiara.romano@example.com', 8, 'FMT008', 'iPhone 5', 'IDA8', 172162112255),
-- Record 9
('2023-11-09 22:00:00', '2023-11-09 23:30:00', 'marco.costa@example.com', 9, 'FMT009', 'Smartphone iPhone 13', 'IDA9', 203140122255),
-- Record 10
('2023-11-10 16:30:00', '2023-11-10 18:45:00', 'alice.rizzo@example.com', 10, 'FMT010', 'Laptop Lenovo ThinkPad', 'IDA0', 211180112255),
-- Record 11
('2023-11-11 12:15:00', '2023-11-11 14:30:00', 'matteo.santoro@example.com', 11, 'FMT011', 'Smartphone OnePlus Nord', 'IDA1', 192168112266),
-- Record 12
('2023-11-12 19:00:00', '2023-11-12 21:15:00', 'giulia.caruso@example.com', 12, 'FMT012', 'Tablet Samsung Galaxy Tab', 'IDA2', 172162122266),
-- Record 13
('2023-11-13 16:45:00', '2023-11-13 18:30:00', 'andrea.monti@example.com', 13, 'FMT013', 'Laptop Asus ZenBook', 'IDA3', 203140112266),
-- Record 14
('2023-11-14 14:15:00', '2023-11-14 16:00:00', 'elena.silvestri@example.com', 14, 'FMT014', 'Smartphone Huawei P30', 'IDA4', 211180122266),
-- Record 15
('2023-11-15 13:30:00', '2023-11-15 14:45:00', 'simone.ricci@example.com', 15, 'FMT015', 'Tablet Amazon Fire', 'IDA5', 192168112277),
-- Record 16
('2023-11-16 20:30:00', '2023-11-16 22:25:00', 'marta.villa@example.com', 16, 'FMT016', 'Laptop Acer', 'IDA6', 203140112277),
-- Record 17
('2023-11-17 11:20:00', '2023-11-17 13:15:00', 'marco.ferrari@example.com', 17, 'FMT017', 'Smartphone Samsung Galaxy', 'IDA7', 211180122277),
-- Record 18
('2023-11-18 17:45:00', '2023-11-18 19:40:00', 'camilla.pellegrini@example.com', 18, 'FMT018', 'Tablet Apple iPad', 'IDA8', 172162112288),
-- Record 19
('2023-11-19 13:30:00', '2023-11-19 14:45:00', 'sara.bianchi@example.com', 19, 'FMT019', 'Tablet Apple iPad', 'IDA9', 203140122288),
-- Record 20
('2023-11-20 14:00:00', '2023-11-20 15:15:00', 'andrea.ferrari@example.com', 20, 'FMT020', 'Smartphone OnePlus Nord', 'IDA0', 211180112288),
-- Record 21
('2023-11-21 13:15:00', '2023-11-21 14:30:00', 'filippo.greco@example.com', 21, 'FMT001', 'Tablet Samsung Galaxy Tab', 'IDD0', 192168112299),
-- Record 22
('2023-11-22 12:45:00', '2023-11-22 14:00:00', 'michele.rossi@example.com', 22, 'FMT002', 'Laptop Asus ZenBook', 'IDD1', 172162122299),
-- Record 23
('2023-11-23 10:30:00', '2023-11-23 11:45:00', 'andrea.bianchi@example.com', 23, 'FMT003', 'Smartphone iPhone 13', 'IDD2', 203140112299),
-- Record 24
('2023-11-24 15:30:00', '2023-11-24 16:45:00', 'laura.verdi@example.com', 24, 'FMT004', 'Laptop Lenovo ThinkPad', 'IDD3', 211180122299),
-- Record 25
('2023-11-25 10:30:00', '2023-11-25 11:45:00', 'andrea.bianchi@example.com', 25, 'FMT005', 'Smartphone OnePlus Nord', 'IDD4', 192168112300),
-- Record 26
('2023-11-26 13:15:00', '2023-11-26 14:30:00', 'federico.russo@example.com', 26, 'FMT006', 'Tablet Samsung Galaxy Tab', 'IDD5', 203140112300),
-- Record 27
('2023-11-27 14:45:00', '2023-11-27 16:00:00', 'valentina.ferrari@example.com', 27, 'FMT007', 'Laptop Asus ZenBook', 'IDD6', 172162122300),
-- Record 28
('2023-11-28 16:30:00', '2023-11-28 17:45:00', 'maria.gentile@example.com', 28, 'FMT008', 'Smartphone iPhone 13', 'IDD7', 203140112311),
-- Record 29
('2023-11-29 13:45:00', '2023-11-29 15:00:00', 'andrea.monti@example.com', 29, 'FMT009', 'Laptop Lenovo ThinkPad', 'IDD8', 211180122311),
-- Record 30
('2023-11-30 16:15:00', '2023-11-30 17:30:00', 'ludovica.colombo@example.com', 30, 'FMT010', 'Smartphone OnePlus Nord', 'IDD9', 192168112311),
-- Record 31
('2023-11-26 14:00:00', '2023-11-26 15:15:00', 'elisa.marchetti@example.com', 32, 'FMT012', 'Laptop Asus ZenBook', 'IDD1', 172162122322),
-- Record 32
('2023-11-27 16:30:00', '2023-11-27 17:45:00', 'luigi.rossi@example.com', 33, 'FMT013', 'Smartphone iPhone 13', 'IDD2', 203140112322),
-- Record 33
('2023-11-27 19:00:00', '2023-11-27 20:15:00', 'serena.ricci@example.com', 34, 'FMT014', 'Laptop Lenovo ThinkPad', 'IDD3', 211180122322),
-- Record 34
('2023-11-28 12:15:00', '2023-11-28 13:30:00', 'valentina.ferrari@example.com', 3, 'FMT015', 'Tablet Samsung Galaxy Tab', 'IDD4', 192168112333),
-- Record 35
('2023-11-28 15:45:00', '2023-11-28 17:00:00', 'paola.rossi@example.com', 28, 'FMT016', 'Laptop Asus ZenBook', 'IDD5', 203140112333),
-- Record 36
('2023-11-29 14:30:00', '2023-11-29 15:45:00', 'luca.bianchi@example.com', 17, 'FMT017', 'Smartphone iPhone 13', 'IDD6', 172162122333),
-- Record 37
('2023-11-29 16:45:00', '2023-11-29 18:00:00', 'sara.monti@example.com', 18, 'FMT018', 'Tablet Samsung Galaxy Tab', 'IDD7', 211180122333),
-- Record 38
('2023-11-30 12:00:00', '2023-11-30 13:15:00', 'andrea.ferrari@example.com', 3, 'FMT019', 'Laptop Lenovo ThinkPad', 'IDD8', 192168112344),
-- Record 39
('2023-11-30 14:45:00', '2023-11-30 16:00:00', 'paola.rossi@example.com', 4, 'FMT020', 'Smartphone iPhone 13', 'IDD9', 203140112344);





-- Record 1
INSERT INTO VisualizzazionePassata (Utente, Film, NumeroVolte, Stelle) VALUES ('giacomo.ricci@example.com', 1, 2, 4);

-- Record 2
INSERT INTO VisualizzazionePassata (Utente, Film, NumeroVolte, Stelle) VALUES ('francesca.martini@example.com', 5, 3, 3);

-- Record 3
INSERT INTO VisualizzazionePassata (Utente, Film, NumeroVolte, Stelle) VALUES ('lorenzo.conti@example.com', 10, 1, 5);

-- Record 4
INSERT INTO VisualizzazionePassata (Utente, Film, NumeroVolte, Stelle) VALUES ('sofia.gallo@example.com', 15, 2, 2);

-- Record 5
INSERT INTO VisualizzazionePassata (Utente, Film, NumeroVolte, Stelle) VALUES ('luca.ferrari@example.com', 20, 3, 4);

-- Record 6
INSERT INTO VisualizzazionePassata (Utente, Film, NumeroVolte, Stelle) VALUES ('alessia.bianchi@example.com', 25, 1, NULL);

-- Record 7
INSERT INTO VisualizzazionePassata (Utente, Film, NumeroVolte, Stelle) VALUES ('davide.moretti@example.com', 30, 2, 3);

-- Record 8
INSERT INTO VisualizzazionePassata (Utente, Film, NumeroVolte, Stelle) VALUES ('chiara.romano@example.com', 33, 3, 5);

-- Record 9
INSERT INTO VisualizzazionePassata (Utente, Film, NumeroVolte, Stelle) VALUES ('marco.costa@example.com', 3, 1, 2);

-- Record 10
INSERT INTO VisualizzazionePassata (Utente, Film, NumeroVolte, Stelle) VALUES ('alice.rizzo@example.com', 8, 2, NULL);
-- Record 11
INSERT INTO VisualizzazionePassata (Utente, Film, NumeroVolte, Stelle) VALUES ('matteo.santoro@example.com', 14, 3, 4);

-- Record 12
INSERT INTO VisualizzazionePassata (Utente, Film, NumeroVolte, Stelle) VALUES ('giulia.caruso@example.com', 18, 2, 1);

-- Record 13
INSERT INTO VisualizzazionePassata (Utente, Film, NumeroVolte, Stelle) VALUES ('andrea.galli@example.com', 23, 1, NULL);

-- Record 14
INSERT INTO VisualizzazionePassata (Utente, Film, NumeroVolte, Stelle) VALUES ('elena.silvestri@example.com', 28, 3, 5);

-- Record 15
INSERT INTO VisualizzazionePassata (Utente, Film, NumeroVolte, Stelle) VALUES ('simone.ricci@example.com', 33, 2, 3);

-- Record 16
INSERT INTO VisualizzazionePassata (Utente, Film, NumeroVolte, Stelle) VALUES ('marta.villa@example.com', 22, 1, 4);

-- Record 17
INSERT INTO VisualizzazionePassata (Utente, Film, NumeroVolte, Stelle) VALUES ('marco.ferrari@example.com', 2, 3, 2);

-- Record 18
INSERT INTO VisualizzazionePassata (Utente, Film, NumeroVolte, Stelle) VALUES ('camilla.pellegrini@example.com', 9, 2, 3);

-- Record 19
INSERT INTO VisualizzazionePassata (Utente, Film, NumeroVolte, Stelle) VALUES ('riccardo.serra@example.com', 16, 1, NULL);

-- Record 20
INSERT INTO VisualizzazionePassata (Utente, Film, NumeroVolte, Stelle) VALUES ('giorgia.moretti@example.com', 22, 3, 5);
-- Record 21
INSERT INTO VisualizzazionePassata (Utente, Film, NumeroVolte, Stelle) VALUES ('filippo.greco@example.com', 27, 2, 4);

-- Record 22
INSERT INTO VisualizzazionePassata (Utente, Film, NumeroVolte, Stelle) VALUES ('sara.bianchi@example.com', 32, 1, NULL);

-- Record 23
INSERT INTO VisualizzazionePassata (Utente, Film, NumeroVolte, Stelle) VALUES ('michele.rossi@example.com', 5, 3, 2);

-- Record 24
INSERT INTO VisualizzazionePassata (Utente, Film, NumeroVolte, Stelle) VALUES ('laura.verdi@example.com', 10, 2, 1);

-- Record 25
INSERT INTO VisualizzazionePassata (Utente, Film, NumeroVolte, Stelle) VALUES ('andrea.bianchi@example.com', 15, 1, NULL);

-- Record 26
INSERT INTO VisualizzazionePassata (Utente, Film, NumeroVolte, Stelle) VALUES ('federico.russo@example.com', 20, 3, 5);

-- Record 27
INSERT INTO VisualizzazionePassata (Utente, Film, NumeroVolte, Stelle) VALUES ('valentina.ferrari@example.com', 25, 2, 3);

-- Record 28
INSERT INTO VisualizzazionePassata (Utente, Film, NumeroVolte, Stelle) VALUES ('maria.gentile@example.com', 30, 1, NULL);

-- Record 29
INSERT INTO VisualizzazionePassata (Utente, Film, NumeroVolte, Stelle) VALUES ('andrea.monti@example.com', 31, 3, 4);

-- Record 30
INSERT INTO VisualizzazionePassata (Utente, Film, NumeroVolte, Stelle) VALUES ('ludovica.colombo@example.com', 28, 2, 1);
-- Record 31
INSERT INTO VisualizzazionePassata (Utente, Film, NumeroVolte, Stelle) VALUES ('paolo.ferrari@example.com', 4, 1, NULL);

-- Record 32
INSERT INTO VisualizzazionePassata (Utente, Film, NumeroVolte, Stelle) VALUES ('elisa.marchetti@example.com', 12, 2, 3);

-- Record 33
INSERT INTO VisualizzazionePassata (Utente, Film, NumeroVolte, Stelle) VALUES ('luigi.rossi@example.com', 19, 3, 5);

-- Record 34
INSERT INTO VisualizzazionePassata (Utente, Film, NumeroVolte, Stelle) VALUES ('serena.ricci@example.com', 26, 1, NULL);

-- Record 35
INSERT INTO VisualizzazionePassata (Utente, Film, NumeroVolte, Stelle) VALUES ('andrea.ferrari@example.com', 34, 2, 2);

-- Record 36
INSERT INTO VisualizzazionePassata (Utente, Film, NumeroVolte, Stelle) VALUES ('paola.rossi@example.com', 8, 3, 4);

-- Record 37
INSERT INTO VisualizzazionePassata (Utente, Film, NumeroVolte, Stelle) VALUES ('luca.bianchi@example.com', 17, 1, NULL);

-- Record 38
INSERT INTO VisualizzazionePassata (Utente, Film, NumeroVolte, Stelle) VALUES ('sara.monti@example.com', 23, 2, 1);

-- Record 39
INSERT INTO VisualizzazionePassata (Utente, Film, NumeroVolte, Stelle) VALUES ('andrea.ferrari@example.com', 31, 3, 5);

-- Record 40
INSERT INTO VisualizzazionePassata (Utente, Film, NumeroVolte, Stelle) VALUES ('paola.rossi@example.com', 13, 1, NULL);
-- Record 41
INSERT INTO VisualizzazionePassata (Utente, Film, NumeroVolte, Stelle) VALUES ('giacomo.ricci@example.com', 11, 2, 3);

-- Record 42
INSERT INTO VisualizzazionePassata (Utente, Film, NumeroVolte, Stelle) VALUES ('francesca.martini@example.com', 16, 1, 4);

-- Record 43
INSERT INTO VisualizzazionePassata (Utente, Film, NumeroVolte, Stelle) VALUES ('lorenzo.conti@example.com', 22, 3, 2);

-- Record 44
INSERT INTO VisualizzazionePassata (Utente, Film, NumeroVolte, Stelle) VALUES ('sofia.gallo@example.com', 27, 2, NULL);

-- Record 45
INSERT INTO VisualizzazionePassata (Utente, Film, NumeroVolte, Stelle) VALUES ('luca.ferrari@example.com', 2, 1, 5);

-- Record 46
INSERT INTO VisualizzazionePassata (Utente, Film, NumeroVolte, Stelle) VALUES ('alessia.bianchi@example.com', 1, 3, 1);

-- Record 47
INSERT INTO VisualizzazionePassata (Utente, Film, NumeroVolte, Stelle) VALUES ('davide.moretti@example.com', 14, 2, NULL);

-- Record 48
INSERT INTO VisualizzazionePassata (Utente, Film, NumeroVolte, Stelle) VALUES ('chiara.romano@example.com', 25, 1, 3);

-- Record 49
INSERT INTO VisualizzazionePassata (Utente, Film, NumeroVolte, Stelle) VALUES ('marco.costa@example.com', 32, 3, 4);

-- Record 50
INSERT INTO VisualizzazionePassata (Utente, Film, NumeroVolte, Stelle) VALUES ('alice.rizzo@example.com', 3, 1, 2);



INSERT INTO Limitazione (PianoDiAbbonamento, AreaGeografica) VALUES
('Basic', 'AFR1'),
('Deluxe', 'ASI2'),
('Premium', 'EUR1'),
('Pro', 'OCE3'),
('Ultimate', 'SUD1'),
('Basic', 'USA5'),
('Deluxe', 'AFR2'),
('Premium', 'ASI1'),
('Pro', 'EUR2'),
('Ultimate', 'OCE4');

INSERT INTO Restrizione (Formato, AreaGeografica) VALUES
('FMT001', 'AFR1'),
('FMT002', 'AFR2'),
('FMT003', 'ASI1'),
('FMT004', 'ASI2'),
('FMT005', 'ASI3'),
('FMT006', 'EUR1'),
('FMT007', 'EUR2'),
('FMT008', 'OCE1'),
('FMT009', 'OCE2'),
('FMT010', 'OCE3');


-- inserimento formatipassati
INSERT INTO formatopassato (Codice, LunghezzaRapporto, AltezzaRapporto, LarghezzaRisoluzione, AltezzaRisoluzione, Codec, Bitrate, QualitaAudio, QualitaVideo, DataRilascio, FormatoAttuale)
VALUES
('FP001', 16, 9, 1280, 720, 'H.264', 5000, 4.0, 4.2, '2021-06-15', 'FMT001'),
('FP002', 4, 3, 640, 480, 'H.265', 3000, 3.5, 3.8, '2020-05-20', 'FMT002'),
('FP003', 16, 9, 1920, 1080, 'VP9', 8000, 4.5, 4.8, '2021-08-10', 'FMT003'),
('FP004', 16, 9, 1920, 1080, 'H.264', 7000, 4.4, 4.7, '2021-06-28', 'FMT006'),
('FP005', 16, 9, 3840, 2160, 'H.265', 12000, 4.8, 4.9, '2021-09-25', 'FMT003'),
('FP006', 4, 3, 1024, 768, 'H.264', 4000, 3.8, 4.0, '2020-04-18', 'FMT008'),
('FP007', 21, 9, 2560, 1080, 'H.264', 6500, 4.3, 4.6, '2021-07-05', 'FMT004'),
('FP008', 16, 9, 4096, 2160, 'H.265', 15000, 4.9, 5.0, '2021-09-25', 'FMT005'),
('FP009', 16, 9, 1920, 1080, 'VP9', 6000, 4.3, 4.6, '2021-06-20', 'FMT002'),
('FP010', 16, 9, 2560, 1440, 'H.264', 7200, 4.6, 4.8, '2021-08-20', 'FMT010');
INSERT INTO formatopassato (Codice, LunghezzaRapporto, AltezzaRapporto, LarghezzaRisoluzione, AltezzaRisoluzione, Codec, Bitrate, QualitaAudio, QualitaVideo, DataRilascio, FormatoAttuale)
VALUES
('FP011', 21, 9, 1920, 800, 'H.264', 5000, 4.0, 4.2, '2020-06-15', 'FMT007'),
('FP012', 16, 9, 1280, 720, 'H.265', 6000, 4.2, 4.5, '2020-06-20', 'FMT002'),
('FP013', 16, 9, 2560, 1440, 'VP9', 7000, 4.3, 4.6, '2020-08-05', 'FMT011'),
('FP014', 4, 3, 640, 480, 'H.264', 3000, 3.5, 3.8, '2020-07-20', 'FMT012'),
('FP015', 16, 9, 1920, 1080, 'H.265', 6000, 4.5, 4.8, '2020-09-15', 'FMT003'),
('FP016', 21, 9, 2560, 1080, 'VP9', 6500, 4.3, 4.6, '2020-08-10', 'FMT004'),
('FP017', 4, 3, 800, 600, 'H.264', 2500, 3.0, 3.3, '2020-07-25', 'FMT002'),
('FP018', 16, 9, 1280, 720, 'VP9', 4000, 3.8, 4.0, '2020-07-12', 'FMT018'),
('FP019', 16, 9, 3840, 2160, 'H.265', 10000, 4.7, 4.9, '2020-09-30', 'FMT009'),
('FP020', 21, 9, 1920, 800, 'VP9', 5500, 4.1, 4.4, '2020-08-15', 'FMT011'),
('FP021', 4, 3, 1024, 768, 'H.264', 3000, 3.5, 3.8, '2020-06-18', 'FMT008'),
('FP022', 16, 9, 4096, 2160, 'H.265', 12000, 4.9, 5.0, '2020-10-25', 'FMT005'),
('FP023', 16, 9, 1920, 1080, 'VP9', 6000, 4.3, 4.6, '2020-06-20', 'FMT006'),
('FP024', 21, 9, 2560, 1080, 'H.264', 7200, 4.6, 4.8, '2020-08-20', 'FMT010'),
('FP025', 16, 9, 3840, 2160, 'H.265', 10000, 4.7, 4.9, '2020-09-30', 'FMT009'),
('FP026', 4, 3, 800, 600, 'H.264', 2500, 3.0, 3.3, '2020-07-25', 'FMT002'),
('FP027', 16, 9, 1280, 720, 'VP9', 4000, 3.8, 4.0, '2020-07-12', 'FMT018'),
('FP028', 16, 9, 3840, 2160, 'H.265', 10000, 4.7, 4.9, '2020-09-30', 'FMT009'),
('FP029', 4, 3, 800, 600, 'H.264', 2500, 3.0, 3.3, '2020-07-25', 'FMT002'),
('FP030', 16, 9, 4096, 2160, 'H.265', 12000, 4.9, 5.0, '2020-10-25', 'FMT005');
INSERT INTO formatopassato (Codice, LunghezzaRapporto, AltezzaRapporto, LarghezzaRisoluzione, AltezzaRisoluzione, Codec, Bitrate, QualitaAudio, QualitaVideo, DataRilascio, FormatoAttuale)
VALUES
('FP031', 16, 9, 1920, 1080, 'H.264', 7000, 4.4, 4.7, '2021-06-28', 'FMT006'),
('FP032', 21, 9, 3840, 1600, 'H.265', 8000, 4.2, 4.5, '2021-07-05', 'FMT007'),
('FP033', 16, 9, 1280, 720, 'H.265', 6000, 4.2, 4.5, '2021-06-20', 'FMT002'),
('FP034', 16, 9, 4096, 2160, 'H.265', 10000, 4.7, 4.9, '2021-09-30', 'FMT009'),
('FP035', 16, 9, 1920, 1080, 'VP9', 6000, 4.3, 4.6, '2021-06-20', 'FMT002'),
('FP036', 16, 9, 2560, 1440, 'H.264', 7200, 4.6, 4.8, '2021-08-20', 'FMT010'),
('FP037', 21, 9, 1920, 800, 'H.264', 5000, 4.0, 4.2, '2021-06-15', 'FMT001'),
('FP038', 4, 3, 640, 480, 'H.265', 3000, 3.5, 3.8, '2021-06-20', 'FMT002'),
('FP039', 16, 9, 2560, 1440, 'VP9', 7000, 4.3, 4.6, '2021-08-05', 'FMT011'),
('FP040', 4, 3, 640, 480, 'H.264', 3000, 3.5, 3.8, '2021-06-20', 'FMT002'),
('FP041', 16, 9, 4096, 2160, 'H.265', 10000, 4.7, 4.9, '2021-09-30', 'FMT009'),
('FP042', 16, 9, 1920, 1080, 'VP9', 6000, 4.3, 4.6, '2021-06-20', 'FMT002'),
('FP043', 21, 9, 2560, 1080, 'H.264', 7200, 4.6, 4.8, '2021-08-20', 'FMT010'),
('FP044', 16, 9, 1920, 1080, 'H.264', 7000, 4.4, 4.7, '2021-06-28', 'FMT006'),
('FP045', 21, 9, 3840, 1600, 'H.265', 8000, 4.2, 4.5, '2021-07-05', 'FMT007'),
('FP046', 16, 9, 1280, 720, 'H.265', 6000, 4.2, 4.5, '2021-06-20', 'FMT002'),
('FP047', 16, 9, 4096, 2160, 'H.265', 10000, 4.7, 4.9, '2021-09-30', 'FMT009'),
('FP048', 16, 9, 1920, 1080, 'VP9', 6000, 4.3, 4.6, '2021-06-20', 'FMT002'),
('FP049', 16, 9, 2560, 1440, 'H.264', 7200, 4.6, 4.8, '2021-08-20', 'FMT010'),
('FP050', 21, 9, 1920, 800, 'H.264', 5000, 4.0, 4.2, '2021-06-15', 'FMT001');



INSERT INTO RestrizionePassata (FormatoPassato, AreaGeografica) VALUES
('FP001', 'AFR1'),
('FP037', 'ASI2'),
('FP050', 'OCE3'),
('FP002', 'SUD1'),
('FP009', 'USA4'),
('FP012', 'EUR2'),
('FP017', 'AFR1'),
('FP026', 'USA2'),
('FP029', 'ASI3'),
('FP033', 'OCE1'),
('FP035', 'SUD2'),
('FP038', 'USA7'),
('FP040', 'ASI1'),
('FP042', 'OCE2'),
('FP046', 'EUR1'),
('FP048', 'USA3'),
('FP003', 'AFR2'),
('FP005', 'ASI2'),
('FP015', 'USA6'),
('FP007', 'SUD1');




-- inserimento registi
INSERT INTO regista (CodiceFiscale, Nome, Cognome, Popolarità) 
VALUES

('CF001', 'Marco', 'Rossi', 8),
('CF002', 'Anna', 'Bianchi', 7),
('CF003', 'Luca', 'Ricci', 6),
('CF004', 'Giulia', 'Martini', 9),
('CF005', 'Antonio', 'Conti', 7),
('CF006', 'Sofia', 'Gallo', 8);

-- inserimento direzione
INSERT INTO direzione (Regista, Film)
VALUES
('CF003', 10), -- Luca Ricci dirige "Sotto il Cielo di Parigi"
('CF004', 11), -- Giulia Martini dirige "Vendetta Implacabile"
('CF005', 12), -- Antonio Conti dirige "L'Ultimo Drago"
('CF001', 13), -- Marco Rossi dirige "Il Matrimonio Imprevisto"
('CF002', 14), -- Anna Bianchi dirige "L'Ultimo Viaggio"
('CF006', 15), -- Sofia Gallo dirige "La Casa Abbandonata"
('CF003', 16), -- Luca Ricci dirige "Rinascita Mortale"
('CF004', 17), -- Giulia Martini dirige "Rivoluzione Tecnologica"
('CF005', 18), -- Antonio Conti dirige "Situazioni Imbarazzanti"
('CF001', 19), -- Marco Rossi dirige "Codice Rosso"
('CF002', 20), -- Anna Bianchi dirige "Oltre i Confini"
('CF006', 21), -- Sofia Gallo dirige "La Maledizione del Bosco"
('CF003', 22), -- Luca Ricci dirige "I Segreti dell'Universo"
('CF004', 23), -- Giulia Martini dirige "Codice Segreto"
('CF005', 24), -- Antonio Conti dirige "Il Regno Perduto"
('CF001', 1), -- Marco Rossi dirige "Il Codice del Destino"
('CF001', 2), -- Marco Rossi dirige "L'amore è un Ridere"
('CF002', 3), -- Anna Bianchi dirige "Odissea Spaziale"
('CF003', 4), -- Luca Ricci dirige "Frammenti di Felicità"
('CF004', 5), -- Giulia Martini dirige "L'Oscurità Svelata"
('CF005', 6), -- Antonio Conti dirige "Il Mistero dell'Isola"
('CF006', 7), -- Sofia Gallo dirige "L'Inganno Perfetto"
('CF001', 8), -- Marco Rossi dirige "Il Segreto delle Rune"
('CF002', 9); -- Anna Bianchi dirige "Ridere Per Vivere"


-- inserimento lingue
INSERT INTO lingua (Nome)
VALUES
('Inglese'),
('Italiano'),
('Spagnolo'),
('Francese'),
('Tedesco'),
('Giapponese'),
('Cinese'),
('Russo'),
('Portoghese'),
('Coreano'),
('Arabo'),
('Olandese'),
('Polacco'),
('Svedese'),
('Danese'),
('Norvegese'),
('Finlandese'),
('Turco'),
('Greco'),
('Ebraico'),
('Ungherese'),
('Indonesiano'),
('Malese');

-- inserimento doppiaggio
INSERT INTO doppiaggio (Film, Lingua) 
VALUES
(1, 'Italiano'),
(1, 'Inglese'),
(1, 'Spagnolo'),
(2, 'Inglese'),
(2, 'Francese'),
(2, 'Tedesco'),
(20, 'Italiano'),
(20, 'Spagnolo'),
(20, 'Francese'),
(5, 'Giapponese'),
(5, 'Inglese'),
(6, 'Tedesco'),
(6, 'Francese'),
(7, 'Cinese'),
(8, 'Portoghese'),
(24, 'Inglese'),
(24, 'Italiano'),
(25, 'Spagnolo'),
(25, 'Francese'),
(13, 'Finlandese'),
(13, 'Tedesco'),
(14, 'Turco'),
(14, 'Greco'),
(15, 'Ebraico'),
(16, 'Indonesiano'),
(28, 'Malese'),
(28, 'Ungherese'),
(29, 'Russo'),
(29, 'Cinese'),
(13, 'Portoghese'),
(13, 'Spagnolo'),
(14, 'Tedesco'),
(14, 'Inglese'),
(15, 'Francese'),
(15, 'Russo'),
(16, 'Italiano'),
(16, 'Giapponese'),
(17, 'Inglese'),
(17, 'Spagnolo'),
(18, 'Francese'),
(18, 'Tedesco'),
(19, 'Italiano'),
(19, 'Cinese'),
(20, 'Russo'),
(20, 'Arabo'),
(21, 'Olandese'),
(21, 'Coreano'),
(22, 'Ungherese'),
(22, 'Finlandese'),
(23, 'Turco'),
(23, 'Ebraico'),
(24, 'Portoghese'),
(24, 'Svedese'),
(25, 'Arabo'),
(25, 'Greco'),
(26, 'Cinese'),
(26, 'Giapponese'),
(27, 'Russo'),
(27, 'Polacco'),
(28, 'Spagnolo'),
(28, 'Italiano');
-- inserimento sottotitolaggio
INSERT INTO sottotitolaggio (Film, Lingua)
VALUES
(3, 'Italiano'),
(3, 'Inglese'),
(4, 'Inglese'),
(4, 'Spagnolo'),
(23, 'Francese'),
(21, 'Tedesco'),
(23, 'Spagnolo'),
(9, 'Russo'),
(9, 'Inglese'),
(10, 'Italiano'),
(10, 'Spagnolo'),
(11, 'Russo'),
(12, 'Tedesco'),
(26, 'Cinese'),
(26, 'Giapponese'),
(27, 'Portoghese'),
(27, 'Olandese'),
(17, 'Turco'),
(17, 'Greco'),
(18, 'Ebraico'),
(18, 'Ungherese'),
(19, 'Finlandese'),
(20, 'Russo'),
(30, 'Malese'),
(30, 'Indonesiano'),
(31, 'Inglese'),
(31, 'Francese'),
(21, 'Russo'),
(21, 'Spagnolo'),
(22, 'Cinese'),
(22, 'Francese'),
(23, 'Tedesco'),
(23, 'Inglese'),
(24, 'Italiano'),
(24, 'Portoghese'),
(25, 'Greco'),
(25, 'Turco'),
(26, 'Olandese'),
(26, 'Svedese'),
(27, 'Coreano'),
(27, 'Arabo'),
(28, 'Polacco'),
(28, 'Ungherese'),
(29, 'Danese'),
(29, 'Norvegese'),
(30, 'Giapponese'),
(30, 'Finlandese'),
(31, 'Russo'),
(31, 'Spagnolo'),
(32, 'Cinese'),
(32, 'Francese'),
(33, 'Tedesco'),
(33, 'Inglese'),
(34, 'Italiano'),
(34, 'Portoghese');

-- inserimento premio
INSERT INTO premiofilm (Nome)
VALUES
('Miglior Film'),
('Miglior Regia'),
('Migliore Sceneggiatura'),
('Miglior Attore'),
('Miglior Attrice'),
('Miglior Fotografia'),
('Miglior Colonna Sonora'),
('Miglior Effetti Speciali'),
('Miglior Montaggio'),
('Miglior Costumi'),
('Miglior Trucco'),
('Migliore Canzone Originale'),
('Miglior Film Straniero');
-- inserimento premiazioni
INSERT INTO premiazionefilm (Premio, Film)
VALUES
('Miglior Fotografia', 13),
('Miglior Colonna Sonora', 14),
('Miglior Effetti Speciali', 15),
('Miglior Montaggio', 16),
('Miglior Film', 26),
('Miglior Regia', 27),
('Miglior Film', 1),
('Miglior Regia', 1),
('Migliore Sceneggiatura', 2),
('Miglior Attore', 3),
('Miglior Attrice', 20),
('Miglior Film', 20),
('Miglior Costumi', 21),
('Miglior Trucco', 22),
('Migliore Canzone Originale', 23),
('Miglior Film Straniero', 24),
('Miglior Fotografia', 30),
('Miglior Colonna Sonora', 31);

-- inserimento attori
INSERT INTO attore (CodiceFiscale, Nome, Cognome)
VALUES
('ABCD123456', 'Marco', 'Rossi'),
('EFGH789012', 'Giulia', 'Bianchi'),
('IJKL345678', 'Andrea', 'Ricci'),
('MNOP901234', 'Chiara', 'Conti'),
('QRST567890', 'Luca', 'Moretti'),
('UVWX123456', 'Sara', 'Gallo'),
('YZAB789012', 'Alessandro', 'Ferrari'),
('CDEF345678', 'Martina', 'Esposito'),
('GHIJ901234', 'Davide', 'Vitale'),
('KLMN567890', 'Federica', 'Rizzo'),
('OPQR123456', 'Simone', 'Martini'),
('STUV789012', 'Elisa', 'Moretti'),
('WXYZ345678', 'Giacomo', 'Barbieri'),
('ABCD901234', 'Arianna', 'Pellegrini'),
('EFGH567890', 'Mattia', 'Ricci'),
('IJKL123456', 'Camilla', 'Ferrara'),
('MNOP789012', 'Lorenzo', 'Santoro'),
('QRST345678', 'Chiara', 'De Luca'),
('UVWX901234', 'Alessio', 'Vitali'),
('YZAB567890', 'Eleonora', 'Mancini'),
('CDEF123456', 'Riccardo', 'Costa'),
('GHIJ789012', 'Elena', 'Bianco'),
('KLMN345678', 'Gabriele', 'Ferraro'),
('OPQR901234', 'Giorgia', 'Bellini'),
('STUV567890', 'Antonio', 'Leone'),
('WXYZ123456', 'Cristina', 'Grasso'),
('ABCD789012', 'Daniele', 'Lombardi'),
('EFGH345678', 'Silvia', 'Fiore'),
('IJKL901234', 'Fabio', 'Serra'),
('MNOP567890', 'Valentina', 'Caruso'),
('QRST123456', 'Giovanni', 'De Angelis'),
('UVWX789012', 'Veronica', 'Grassi'),
('YZAB345678', 'Luigi', 'Marchetti'),
('CDEF901234', 'Elisabetta', 'Piras'),
('GHIJ567890', 'Matteo', 'Marini'),
('KLMN123456', 'Francesca', 'Russo'),
('OPQR789012', 'Roberto', 'Monti'),
('STUV345678', 'Anna', 'Galli'),
('WXYZ901234', 'Davide', 'Coppola'),
('ZBCD567890', 'Sofia', 'Leoni'),
('ZFGH123456', 'Marco', 'Ferri'),
('ZJKL789012', 'Aurora', 'Piazza'),
('ZNOP345678', 'Paolo', 'Lombardo'),
('ZRST901234', 'Greta', 'Bernardi'),
('ZVWX567890', 'Giacomo', 'Conte'),
('ZZAB123456', 'Valeria', 'Orlando'),
('ZDEF789012', 'Riccardo', 'Gallo'),
('ZHIJ345678', 'Eleonora', 'Sartori'),
('ZLMN901234', 'Andrea', 'Cattaneo'),
('ZPQR567890', 'Alessia', 'Carbone'),
('ZTUV123456', 'Raffaele', 'Pellegrino'),
('ZXYZ789012', 'Sara', 'Colombo'),
('ZBCD345678', 'Gianluca', 'Santini'),
('ZFGH901234', 'Martina', 'Marino'),
('ZJKL567890', 'Dario', 'Riva'),
('ZNOP123456', 'Elena', 'Fabbri'),
('ZRST789012', 'Luca', 'Gatti'),
('ZVWX345678', 'Francesca', 'Serra'),
('ZZAB901234', 'Mattia', 'De Rosa'),
('ZDEF567890', 'Giulia', 'Barone'),
('ZHIJ123456', 'Alessandro', 'Rizzo'),
('ZLMN789012', 'Chiara', 'Ferri'),
('ZPQR345678', 'Davide', 'Grassi'),
('ZTUV901234', 'Elisa', 'Coppola'),
('ZXYZ567890', 'Marco', 'Leone'),
('QBCD123456', 'Veronica', 'Ferrara'),
('QFGH789012', 'Riccardo', 'Bianco'),
('QJKL345678', 'Sofia', 'Ferraro'),
('QNOP901234', 'Lorenzo', 'Vitali'),
('ABC123', 'John', 'Doe'),
('DEF456', 'Alice', 'Johnson'),
('GHI789', 'Michael', 'Smith'),
('JKL012', 'Emily', 'Williams'),
('MNO345', 'Daniel', 'Brown'),
('PQR678', 'Olivia', 'Jones'),
('STU901', 'Christopher', 'Garcia'),
('VWX234', 'Sophia', 'Martinez'),
('YZA567', 'Matthew', 'Robinson'),
('BCD890', 'Ava', 'Clark'),
('EFG123', 'William', 'Rodriguez'),
('HIJ456', 'Emma', 'Lewis'),
('KLM789', 'James', 'Lee'),
('NOP012', 'Lily', 'Walker'),
('QRS345', 'Benjamin', 'Hall'),
('TUV678', 'Grace', 'Young'),
('WXY901', 'Lucas', 'Scott'),
('ZAB234', 'Chloe', 'Green'),
('CDE567', 'Jackson', 'Adams'),
('FGH890', 'Charlotte', 'Wright');
SET SQL_SAFE_UPDATES = 0;
UPDATE Attore
SET Popolarità = RAND()*10;

-- inserimento recitazioni
INSERT INTO recitazione (Film, Attore, Principale, Premio)
VALUES
(1, 'ABCD123456', 'S', 'Miglior Attore Protagonista'),
(1, 'EFGH789012', 'N', NULL),
(2, 'IJKL345678', 'S', 'Miglior Attrice Protagonista'),
(2, 'MNOP901234', 'N', NULL),
(3, 'QRST567890', 'S', 'Miglior Attore Non Protagonista'),
(3, 'UVWX123456', 'N', NULL),
(4, 'YZAB789012', 'S', 'Miglior Attrice Non Protagonista'),
(4, 'CDEF345678', 'N', NULL),
(5, 'GHIJ901234', 'S', 'Miglior Attore Protagonista'),
(5, 'KLMN567890', 'N', NULL),
(6, 'OPQR123456', 'S', 'Miglior Attrice Protagonista'),
(6, 'STUV789012', 'N', NULL),
(7, 'WXYZ345678', 'S', 'Miglior Attore Non Protagonista'),
(7, 'ABCD901234', 'N', NULL),
(8, 'EFGH567890', 'S', 'Miglior Attrice Non Protagonista'),
(8, 'IJKL123456', 'N', NULL),
(9, 'MNOP789012', 'S', 'Miglior Attore Protagonista'),
(9, 'QRST345678', 'N', NULL),
(10, 'UVWX901234', 'S', 'Miglior Attrice Protagonista'),
(10, 'YZAB567890', 'N', NULL),
(11, 'CDEF123456', 'S', 'Miglior Attore Non Protagonista'),
(11, 'GHIJ789012', 'N', NULL),
(12, 'KLMN345678', 'S', 'Miglior Attrice Non Protagonista'),
(12, 'OPQR901234', 'N', NULL),
(13, 'STUV567890', 'S', 'Miglior Attore Protagonista'),
(13, 'WXYZ123456', 'N', NULL),
(14, 'ABCD789012', 'S', 'Miglior Attrice Protagonista'),
(14, 'EFGH345678', 'N', NULL),
(15, 'IJKL901234', 'S', 'Miglior Attore Non Protagonista'),
(15, 'MNOP567890', 'N', NULL),
(16, 'QRST123456', 'S', 'Miglior Attrice Non Protagonista'),
(16, 'UVWX789012', 'N', NULL),
(17, 'YZAB345678', 'S', 'Miglior Attore Protagonista'),
(17, 'CDEF901234', 'N', NULL),
(18, 'GHIJ567890', 'S', 'Miglior Attrice Protagonista'),
(18, 'KLMN123456', 'N', NULL),
(19, 'OPQR789012', 'S', 'Miglior Attore Non Protagonista'),
(19, 'STUV345678', 'N', NULL),
(20, 'WXYZ901234', 'S', 'Miglior Attrice Non Protagonista'),
(20, 'ZBCD567890', 'N', NULL),
(21, 'ZFGH123456', 'S', 'Miglior Attore Protagonista'),
(21, 'ZJKL789012', 'N', NULL),
(22, 'ZNOP345678', 'S', 'Miglior Attrice Protagonista'),
(22, 'ZRST901234', 'N', NULL),
(23, 'ZVWX567890', 'S', 'Miglior Attore Non Protagonista'),
(23, 'ZZAB123456', 'N', NULL),
(24, 'ZDEF789012', 'S', 'Miglior Attrice Non Protagonista'),
(24, 'ZHIJ345678', 'N', NULL),
(25, 'ZLMN901234', 'S', 'Miglior Attore Protagonista'),
(25, 'ZPQR567890', 'N', NULL),
(26, 'ZTUV123456', 'S', 'Miglior Attrice Protagonista'),
(26, 'ZXYZ789012', 'N', NULL),
(27, 'ZBCD345678', 'S', 'Miglior Attore Non Protagonista'),
(27, 'ZFGH901234', 'N', NULL),
(28, 'ZJKL567890', 'S', 'Miglior Attrice Non Protagonista'),
(28, 'ZNOP123456', 'N', NULL),
(29, 'ZRST789012', 'S', 'Miglior Attore Protagonista'),
(29, 'ZVWX345678', 'N', NULL),
(30, 'ZZAB901234', 'S', 'Miglior Attrice Protagonista'),
(30, 'ZDEF567890', 'N', NULL),
(31, 'ZHIJ123456', 'S', 'Miglior Attore Non Protagonista'),
(31, 'ZLMN789012', 'N', NULL),
(32, 'ZPQR345678', 'S', 'Miglior Attrice Non Protagonista'),
(32, 'ZTUV901234', 'N', NULL),
(33, 'ZXYZ567890', 'S', 'Miglior Attore Protagonista'),
(33, 'QBCD123456', 'N', NULL),
(34, 'QFGH789012', 'S', 'Miglior Attrice Protagonista'),
(34, 'QJKL345678', 'N', NULL);

-- inserimento disponibilità
INSERT INTO Disponibilita (Film, Formato, DimensioneFile)
VALUES
(1, 'FMT001', 3.2),
(2, 'FMT002', 2.7),
(3, 'FMT003', 4.1),
(4, 'FMT004', 3.9),
(5, 'FMT005', 4.5),
(6, 'FMT006', 3.6),
(7, 'FMT007', 4.0),
(8, 'FMT008', 3.3),
(9, 'FMT009', 5.0),
(10, 'FMT010', 4.8),
(11, 'FMT011', 4.2),
(12, 'FMT012', 2.8),
(13, 'FMT013', 5.2),
(14, 'FMT014', 3.5),
(15, 'FMT015', 3.9),
(16, 'FMT016', 5.5),
(17, 'FMT017', 4.1),
(18, 'FMT018', 3.7),
(19, 'FMT019', 4.6),
(20, 'FMT020', 3.1),
(21, 'FMT001', 3.0),
(22, 'FMT002', 2.5),
(23, 'FMT003', 4.0),
(24, 'FMT004', 3.7),
(25, 'FMT005', 4.2),
(26, 'FMT006', 3.5),
(27, 'FMT007', 4.3),
(28, 'FMT008', 3.0),
(29, 'FMT009', 5.3),
(30, 'FMT010', 4.9),
(31, 'FMT011', 4.0),
(32, 'FMT012', 2.6),
(33, 'FMT013', 5.0),
(34, 'FMT014', 3.4),
(1, 'FMT016', 5.0),
(2, 'FMT017', 4.0),
(3, 'FMT018', 3.6),
(4, 'FMT019', 4.4),
(5, 'FMT020', 3.0),
(6, 'FMT001', 2.8),
(7, 'FMT002', 2.4),
(8, 'FMT003', 3.8),
(9, 'FMT004', 3.5),
(10, 'FMT005', 4.0),
(11, 'FMT006', 3.3),
(12, 'FMT007', 4.1),
(13, 'FMT008', 2.9),
(14, 'FMT009', 5.1),
(15, 'FMT010', 4.7),
(16, 'FMT011', 3.9),
(17, 'FMT012', 2.5),
(18, 'FMT013', 4.9),
(19, 'FMT014', 3.2),
(20, 'FMT015', 3.7),
(21, 'FMT016', 4.9),
(22, 'FMT017', 3.9),
(23, 'FMT018', 3.5),
(24, 'FMT019', 4.2),
(25, 'FMT020', 2.8),
(26, 'FMT001', 2.7),
(27, 'FMT002', 2.3),
(28, 'FMT003', 3.7),
(29, 'FMT004', 3.4),
(30, 'FMT005', 3.9),
(31, 'FMT006', 3.2),
(32, 'FMT007', 3.9),
(33, 'FMT008', 2.8),
(34, 'FMT009', 4.9),
(1, 'FMT011', 3.8),
(2, 'FMT012', 2.4),
(3, 'FMT013', 4.8),
(4, 'FMT014', 3.1),
(5, 'FMT015', 3.6),
(6, 'FMT016', 4.8),
(7, 'FMT017', 3.8),
(8, 'FMT018', 3.4),
(9, 'FMT019', 4.1),
(10, 'FMT020', 2.7);

-- inserimento disponibilità passata
INSERT INTO DisponibilitaPassata (Film, FormatoPassato, DimensioneFile)
VALUES
(1, 'FP031', 3.2),
(2, 'FP032', 2.7),
(3, 'FP033', 4.1),
(4, 'FP034', 3.9),
(5, 'FP035', 4.5),
(6, 'FP036', 3.6),
(7, 'FP037', 4.0),
(8, 'FP038', 3.3),
(9, 'FP039', 5.0),
(10, 'FP040', 4.8),
(11, 'FP041', 4.2),
(12, 'FP042', 2.8),
(13, 'FP043', 5.2),
(14, 'FP044', 3.5),
(15, 'FP045', 3.9),
(16, 'FP046', 5.5),
(17, 'FP047', 4.1),
(18, 'FP048', 3.7),
(19, 'FP049', 4.6),
(20, 'FP050', 3.1),
(21, 'FP031', 3.0),
(22, 'FP032', 2.5),
(23, 'FP033', 4.0),
(24, 'FP034', 3.7),
(25, 'FP035', 4.2),
(26, 'FP036', 3.5),
(27, 'FP037', 4.3),
(28, 'FP038', 3.0),
(29, 'FP039', 5.3),
(30, 'FP040', 4.9),
(31, 'FP041', 4.0),
(32, 'FP042', 2.6),
(33, 'FP043', 5.0),
(34, 'FP044', 3.4),
(1, 'FP046', 5.0),
(2, 'FP047', 4.0),
(3, 'FP048', 3.6),
(4, 'FP049', 4.4),
(5, 'FP050', 3.0),
(6, 'FP031', 2.8),
(7, 'FP032', 2.4),
(8, 'FP033', 3.8),
(9, 'FP034', 3.5),
(10, 'FP035', 4.0),
(11, 'FP036', 3.3),
(12, 'FP037', 4.1),
(13, 'FP038', 2.9),
(14, 'FP039', 5.1),
(15, 'FP040', 4.7),
(16, 'FP041', 3.9),
(17, 'FP042', 2.5),
(18, 'FP043', 4.9),
(19, 'FP044', 3.2),
(20, 'FP045', 3.7),
(21, 'FP046', 4.9),
(22, 'FP047', 3.9),
(23, 'FP048', 3.5),
(24, 'FP049', 4.2),
(25, 'FP050', 2.8),
(26, 'FP031', 2.7),
(27, 'FP032', 2.3),
(28, 'FP033', 3.7),
(29, 'FP034', 3.4),
(30, 'FP035', 3.9),
(31, 'FP036', 3.2),
(32, 'FP037', 3.9),
(33, 'FP038', 2.8),
(34, 'FP039', 4.9),
(1, 'FP041', 3.8),
(2, 'FP042', 2.4),
(3, 'FP043', 4.8),
(4, 'FP044', 3.1),
(5, 'FP045', 3.6),
(6, 'FP046', 4.8),
(7, 'FP047', 3.8),
(8, 'FP048', 3.4),
(9, 'FP049', 4.1),
(10, 'FP050', 2.7),
(11, 'FP031', 3.2),
(12, 'FP032', 2.7),
(13, 'FP033', 4.1),
(14, 'FP034', 3.9),
(15, 'FP035', 4.5),
(16, 'FP036', 3.6),
(17, 'FP037', 4.0),
(18, 'FP038', 3.3),
(19, 'FP039', 5.0),
(20, 'FP040', 4.8),
(21, 'FP041', 4.2),
(22, 'FP042', 2.8),
(23, 'FP043', 5.2),
(24, 'FP044', 3.5),
(25, 'FP045', 3.9),
(26, 'FP046', 5.5),
(27, 'FP047', 4.1),
(28, 'FP048', 3.7),
(29, 'FP049', 4.6),
(30, 'FP050', 3.1);



-- inserimento distanza

INSERT INTO Distanza (Server, AreaGeografica, Kilometri)
SELECT s.Identificatore, a.Codice, ROUND(RAND() * 5000)
FROM `server` s
CROSS JOIN areageografica a;

-- inserimento contenuto
INSERT INTO contenuto (Film, Server) 
SELECT Codice, Identificatore
FROM Film CROSS JOIN Server;
-- WHERE RAND() <= 0.5;
